ID,qualtrics_q_id,html_input,empty
SAV,q12,Which one of the following statements is true?,
SAV,q12a1,"When I'm asked to indicate my certainty about my decision, the people running this study are interested in how certain I am that the decision I made is actually my best decision, given my personal preferences.",
SAV,q12a2,"When I'm asked to indicate my certainty about my decision, the people running this study are interested in how certain I am that they will actually pay me six months from now.",
SAV,q23,Which one of the following statements is true?,
SAV,q23a1,Whatever amount I save and the interest it accrues will be paid out to me six months from now.,
SAV,q23a2,"Whatever amount I save will be paid out to me six months from now, but I will not receive interest payments.",
SAV,q23a3,"Whatever amount I save and the interest it accrues may be paid out to me six months from now, but there is a 40% chance that the study leaders won’t actually send me the money.",
SAV,q33,Which one of the following statements is true?,
SAV,q33a1,"If I save 50 points and the interest rate is 10%, then I will receive 55 points in six months: 50 points that I saved and 5 points in interest payments.",
SAV,q33a2,"If I save 50 points and the interest rate is 10%, then I will receive 5 points in six months.",
SAV,q33a3,"If I save 50 points and the interest rate is 10%, then I will receive 50 points in six months.",
DIG,q13,Which one of the following statements is true?,
DIG,q13a1,"When I'm asked to indicate my certainty about my decision, the people running this study are interested in how certain I am that the decision I made is actually my best decision, given my personal preferences and the available information.",
DIG,q13a2,"When I'm asked to indicate my certainty about my decision, the people running this study are interested in how certain I am that the points I sent will actually be received by the other participant",
DIG,q13a3,"When I'm asked to indicate my certainty about my decision, the people running this study are interested in how certain I am that I chose the option that actually maximizes my own payoff.",
DIG,q23,Which one of the following statements is true?,
DIG,q23a1,"The more points I send to the other participant, the lower my bonus is for sure, and the higher the other participant’s bonus is with some percentage chance.",
DIG,q23a2,"The more points I send to the other participant, the higher my bonus is for sure, and the lower the other participant’s bonus is for sure.",
DIG,q23a3,"The more points I send to the other participant, the lower my bonus is for sure, and the higher the other participant’s bonus is for sure.",
DIG,q33,Which one of the following statements is true?,
DIG,q33a1,Every point I keep increases my bonus by $0.10.,
DIG,q33a2,Every point I keep decreases my bonus by $0.10.,
DIG,q33a3,Every point I keep increases my bonus by $0.01.,
IND,q12,Which one of the following statements is true?,
IND,q12a1,"When I'm asked to indicate my certainty about my decision, the people running this study are interested in how certain I am that my decision actually reflects how much I value the hint. ",
IND,q12a2,"When I'm asked to indicate my certainty about my decision, the people running this study are interested in how certain I am about the outcome of the coin flip.",
IND,q23,Which one of the following statements is <b>NOT</b> true?,
IND,q23a1,"Depending on the accuracy rate of the hint, the hint could be more likely to be incorrect than correct.",
IND,q23a2,"If the hint says that the coin came up Heads and the accuracy rate of the hint is 100%, it is certain that the coin actually came up Heads. If I follow the hint, my guess is guaranteed to be correct. ",
IND,q23a3,"If the hint says that the coin came up Heads and the accuracy rate of the hint is 50%, the hint is equally likely to be right and wrong. Following the hint will be no better than if I guessed randomly. ",
IND,q32,Which one of the following statements is true?,
IND,q32a1,"If a round in this study is selected for payment, I am more likely to receive the hint if I stated a higher willingness to pay for the hint in that round.",
IND,q32a2,"If a round in this study is selected for payment, whether or not I receive the hint does not depend on my stated willingness to pay for the hint in that round.",
CMA,q12,Which one of the following statements is true?,
CMA,q12a1,"When I'm asked to indicate my certainty about my decision, the people running this study are interested in how certain I am that the decision I took is actually the decision that maximizes my bonus.",
CMA,q12a2,"When I'm asked to indicate my certainty about my decision, the people running this study are interested in how certain I am that they will actually pay me my bonus.",
CMA,q23,Which one of the following statements is true?,
CMA,q23a1,The happiness gain from consuming 10 instead of 9 bottles of milk is smaller than the happiness gain from consuming 2 instead of 1 bottle.,
CMA,q23a2,The happiness gain from consuming 10 instead of 9 bottles of milk is larger than the happiness gain from consuming 2 instead of 1 bottle.,
CMA,q23a3,The happiness gain from consuming 10 instead of 9 bottles of milk is exactly as large as the happiness gain from consuming 2 instead of 1 bottle.,
CMA,q33,Suppose the price of milk is higher than the price of juice. Which one of the following statements is correct?,
CMA,q33a1,The happinesses-maximizing answer involves less milk than juice because I get less milk than juice for the same money.,
CMA,q33a2,The happinesses-maximizing answer involves more milk than juice because I get less milk than juice for the same money.,
CMA,q33a3,The happinesses-maximizing answer involves less milk than juice because I get more milk than juice for the same money.,
POA,q13,Which one of the following statements is true?,
POA,q13a1,"When I'm asked to indicate my certainty about my investment decision, the people running this study are interested in how certain I am that the decision I made is actually my best decision, given my personal preferences and the available information.",
POA,q13a2,"When I’m asked to indicate my certainty about my investment decision, the people running this study are interested in how certain I am that I will actually paid for my returns in one year.",
POA,q13a3,"When I'm asked to indicate my certainty about my investment decision, the people running this study are interested in how certain I am in my estimate of the return of the stock account.",
POA,q23,Suppose you invest $500 in both the Stock Account and the Bank Account. Which of the following statements is true?,
POA,q23a1,My payment in one year will depend on the returns of both the Stock Account and the Bank Account. ,
POA,q23a2,My payment in one year will depend only on the return of the Stock Account.,
POA,q23a3,My payment in one year will depend only on the return of the Bank Account.,
POA,q32,Which one of the following statements is true?,
POA,q32a1,"Because the Stock Account tracks an ETF (a basket of stocks and other securities), its return may be higher or lower than the return of the Bank Account. ",
POA,q32a2,The Stock Account will always deliver a higher return than the return of the Bank Account. ,
PRD,q12,Which one of the following statements is true?,
PRD,q12a1,"When I'm asked to indicate my certainty about my decision, the people running this study are interested in how certain I am that the decision I made is actually my best decision, given my personal preferences  and the available information.",
PRD,q12a2,"When I'm asked to indicate my certainty about my decision, the people running this study are interested in how certain I am that I chose the option that actually maximizes my own payoff.",
PRD,q22,Which one of the following statements is true?,
PRD,q22a1,My decision determines the row in the payoff matrix determining our payoffs.,
PRD,q22a2,My decision determines the column in the payoff matrix determining our payoffs.,
PRD,q23a3,Whatever amount I invest into the investment fund gets split equally between stocks A and B.,
PRD,q33,Which one of the following statements is true?,
PRD,q33a1,"The first (blue) number in the matrix cell corresponding to our action choices determines my payment, the second (red) number determines the other player's  payment.",
PRD,q33a2,The first (blue) number in the matrix cell corresponding to our action choices determines both my and the other player's payment.,
PRD,q33a3,The second (red) number in the matrix cell corresponding to our action choices determines both my and the other player's payment.,
LIE,q12,Which one of the following statements is true?,
LIE,q12a1,The different rounds in this study are independent of each other and I should make my decision in each round independently of all other rounds.,
LIE,q12a2,"The different rounds in this study depend on each other, hence my decisions in later rounds should factor in how I decided in earlier rounds.",
LIE,q23,Which one of the following statements is true?,
LIE,q23a1,"Out of whatever amount I invest into the investment fund, 95% gets allocated to stock A and 5% to stock B.",
LIE,q23a2,Whatever amount I invest into the investment fund gets allocated to stock B.,
LIE,q23a3,Whatever amount I invest into the investment fund gets split equally between stocks A and B.,
LIE,q33,Which one of the following statements is true?,
LIE,q33a1, Stock A always has a 70% chance of doubling the investment but for Stock B this probability varies across rounds.,
LIE,q33a2, Stock A and Stock B both always have a 70% chance of doubling the investment.,
LIE,q33a3, Stock B always has a 10% of doubling the investment but for Stock A this probability varies across rounds.,
EXT,q12,Which one of the following statements is true?,
EXT,q12a1,"When I'm asked to indicate my certainty about my decision, the people running this study are interested in how certain I am that my decisions actually reflect how much I value the reduction in CO2 emissions. ",
EXT,q12a2,"When I'm asked to indicate my certainty about my decision, the people running this study are interested in how certain I am that my choices will actually lead to reduction in CO2 emissions through the purchase of carbon offsets.",
EXT,q23,Suppose the third row from the top gets randomly selected to determine the outcomes of this experiment. Which one of the following statements is <b>NOT</b> correct? <center> <div><img width=750px; src=https://github.com/sebre97/Attenuation/blob/main/Instructions/figures/instr_figures/EXT_compr.png?raw=true></div></center>,
EXT,q23a1,I will get $3.,
EXT,q23a2,I will get $0.,
EXT,q23a3,The researchers will purchase 2.25 tons emissions.,
EXT,q33,Which one of the following statements is true?,
EXT,q33a1,I should complete the choice lists by thinking carefully about the row in which I would like to switch from reducing carbon emission to receiving money.,
EXT,q33a2,I should always switch in the first row of the choice list so that I get the highest possible bonus.,
EXT,q33a3,I should always switch in the last row of the choice list. ,
FOR,q12,Which one of the following statements is true?,
FOR,q12a1,"When I'm asked to indicate my certainty about my decision, the people running this study are interested in how certain I am that my forecast of the firm’s earnings is statistically correct, given the available information. ",
FOR,q12a2,"When I’m asked to indicate my certainty about my decision, the people running this study are interested in how predictable I think the firm’s earnings will be.",
FOR,q22,Which one of the following statements is true?,
FOR,q22a1,"The unpredictable change is a random draw from the numbers between -8 and +8, with each number equally likely to be drawn.  ",
FOR,q22a2,"The unpredictable change is a random draw from the numbers between -8 and +8, with positive numbers more likely to be drawn than negative numbers.",
FOR,q32,Which one of the following statements is true?,
FOR,q32a1,"My task is to forecast the 2024 earnings of the firm, which is equal to the firm’s 2023 earnings plus the change in earnings between 2023 and 2024. ",
FOR,q32a2,My task is to forecast the 2023 earnings change of the firm. ,
GGI,q12,Which one of the following statements is true?,
GGI,q12a1,"When I'm asked to indicate my certainty about my decision, the people running this study are interested in how certain I am that the decision I made is actually my best decision, given my personal preferences.",
GGI,q12a2,"When I'm asked to indicate my certainty about my decision, the people running this study are interested in how certain I am that I chose the option that actually maximizes my own payoff.",
GGI,q23,Which one of the following statements is true?,
GGI,q23a1,Every point I spend to help decreases the chances the other people in my group lose their bonus point by one percentage point.,
GGI,q23a2,Every point I spend to help increases the chances the other people in my group lose their bonus points by one percentage point.,
GGI,q23a3,Every point I spend to help decreases the chances the other people in my group lose their bonus point by two percentage points.,
GGI,q33,Imagine there are 5 other participants in your group. Suppose you spend 40 points to help. Then by how much does the chance that these five other participants lose their bonus points decrease?,
GGI,q33a1,The chance that all other participants lose their bonus decreases by 40 percentage points.,
GGI,q33a2,"The chance that one of the other participants loses their bonus decreases by 40 percentage points, and for the other participants it remains unaffected.",
GGI,q33a3,The chance that I lose my bonus decreases by 40 percentage points.,
ENS,q12,Which one of the following statements is true?,
ENS,q12a1,"When I'm asked to indicate my certainty about my decision, the people running this study are interested in how certain I am that my decisions actually reflect how much more I would be willing to pay to lease the Camry Hybrid. ",
ENS,q12a2,"When I'm asked to indicate my certainty about my decision, the people running this study are interested in how certain I am that the Camry Hybrid is a better choice.",
ENS,q22,Which one of the following statements is true?,
ENS,q22a1,"The vehicles that I need to choose between are the same across each round. However, the miles I expect to drive annually will change across the scenarios each round. ",
ENS,q22a2,The vehicles that I need to choose between vary across the scenarios in each round. ,
ENS,q33,Which one of the following statements is true?,
ENS,q33a1,The Camry Hybrid is more expensive to lease but - depending on how much I drive - potentially produces savings because it uses less fuel per mile.,
ENS,q33a2,The Camry Hybrid is more expensive to lease and - depending on how much I drive - potentially produces additional costs because it uses more fuel per mile.,
ENS,q33a3,The Camry Hybrid is less expensive to lease and - depending on how much I drive - potentially produces additional savings because it uses less fuel per mile.,
EFF,q12,Which one of the following statements is true?,
EFF,q12a1,"When I'm asked to indicate my certainty about my decision, the people running this study are interested in how certain I am that the decision I made is actually my best decision, given my personal preferences.",
EFF,q12a2,"When I'm asked to indicate my certainty about my decision, the people running this study are interested in how certain I am that I have to work and receive the corresponding wage.",
EFF,q23,Which one of the following statements is <b>NOT</b> true?,
EFF,q23a1,"To complete a task, I need to count the number of times a 1 occurs in a table, and my guess has to be no further than 5 from the true number. If my guess is further away from the true number, a new task will be generated.",
EFF,q23a2,"To complete a task, I need to count the number of times a 1 occurs in a table. If I fail to count correctly, a new task will be generated.",
EFF,q23a3,"If the wage is $0.00, I will not receive any payment for completing all tasks.",
EFF,q33,"Below is an example of a counting task. To show us that you understand and can perform the task, please select the the answer corresponding to the number of 1s in the table: <center> <div><img width=400px; src=https://harvard.az1.qualtrics.com/ControlPanel/Graphic.php?IM=IM_ERqr94AuM59gloR></div></center>",
EFF,q33a1,3,
EFF,q33a2,5,
EFF,q33a3,8,
PRS,q12,Which one of the following statements is true?,
PRS,q12a1,"When I'm asked to indicate my certainty about my decision, the people running this study are interested in how certain I am that the decision I made is actually my best decision, given my personal preferences and the available information.",
PRS,q12a2,"When I'm asked to indicate my certainty about my decision, the study leaders are interested in how certain I am that water will be added rather than removed in the second season.",
PRS,q22,Which one of the following statements is true?,
PRS,q22a1,"In terms of having a high expected total crop yield, it is more important to allocate water to the Summer when the potential weather shock is large.",
PRS,q22a2,"In terms of having a high expected total crop yield, it is more important to allocate water to the Summer when the potential weather shock is small.",
PRS,q32,Which one of the following statements is true?,
PRS,q32a1,"Because the crop yield increase from additional water in the Spring gets smaller and smaller the more water is already allocated to the Spring, it can make sense to allocate water to the Summer even though the yield from the Summer only increases my total crop yield with a weight of 90%.",
PRS,q32a2,"Because the crop yield increase from additional water in the Spring gets smaller and smaller the more water is already allocated to the Spring, it never makes sense to allocate water to the Summer, because the yield from the Summer only increases my total crop yield with a weight of 90%.",
PAC,q12,Which one of the following statements is true?,
PAC,q12a1,"When I'm asked to indicate my certainty about my decision, the people running this study are interested in how certain I am that the decision I made is actually my best decision, given my personal preferences and the available information.",
PAC,q12a2,"When I'm asked to indicate my certainty about my decision, the people running this study are interested in how certain I am that I will actually receive the money from the lottery.",
PAC,q22,Which one of the following statements is true?,
PAC,q22a1,"The percentage chances of a win and a loss are the same across all rounds, 50% for each.",
PAC,q22a2,The percentage chances of a win and a loss vary across rounds.,
PAC,q33,Which one of the following statements is true?,
PAC,q33a1,"I can find out whether the lottery delivers a gain or a loss. If 31 equations are correct, it is a gain. If 29 equations are correct, it is a loss.",
PAC,q33a2,"I can find out whether the lottery delivers a gain or a loss. If all equations are correct, it is a gain, otherwise it is a loss.",
PAC,q33a3,I cannot find out whether the lottery delivers a gain or a loss.,
FAI,q12,Which one of the following statements is true?,
FAI,q12a1,"When I'm asked to indicate my certainty about my decision, the people running this study are interested in how certain I am that the decision I made is actually my best decision, given my personal preferences and the available information.",
FAI,q12a2,"When I'm asked to indicate my certainty about my decision, the people running this study are interested in how certain I am that I chose the option that actually maximizes my own payoff.",
FAI,q23,Which one of the following statements is true?,
FAI,q23a1,"The higher the percentage chance that the winner was selected based on the coin flip, the higher the chance the declared winner is determined by random luck.",
FAI,q23a2,"The higher the percentage chance that the winner was selected based on the coin flip, the lower the chance the declared winner is determined by random luck.",
FAI,q23a3,The percentage chance that the winner was selected based on the coin flip has no impact on whether the declared winner is determined by random luck.,
FAI,q33,Which one of the following statements is true?,
FAI,q33a1,I do not know for sure who actually performed better in the contest. ,
FAI,q33a2,"The more points I transfer, the more points go to the person who actually performed better in the contest.",
FAI,q33a3,"The more points I transfer, the less points go to the person who actually performed better in the contest.",
BEU,q12,Which one of the following statements is true?,
BEU,q12a1,"When I'm asked to indicate my certainty about my decision, the people running this study are interested in how certain I am that my estimate of the percentage chance that Bag A was selected is statistically correct.",
BEU,q12a2,"When I'm asked to indicate my certainty about my decision, the people running this study are interested in how certain I am that Bag A was selected.",
BEU,q22,Which one of the following statements is true?,
BEU,q22a1,"If the computer draws a card with “R” on it from the deck of cards, it will draw a ball from Bag R and show it to me. ",
BEU,q22a2,"If the computer draws a card with “R” on it from the deck of cards, it will draw a ball from a randomly selected bag and show it to me. ",
BEU,q33,Which one of the following statements is <b>NOT</b> true?,
BEU,q33a1,"If both bags contain the same number of red and blue balls, it is more likely a red ball will be drawn if Bag R was selected, compared to if Bag B was selected.",
BEU,q33a2,"If both bags contain the same number of red and blue balls, then the likelihood a red ball will be drawn does not depend on whether Bag R or Bag B was selected. ",
BEU,q33a3,"If Bag R contains only red balls and Bag B contains only blue balls, then a red ball will be drawn only if Bag R was selected. ",
VOT,q12,Which one of the following statements is true?,
VOT,q12a1,"When I’m asked to indicate my certainty about my decision, the people running this study are interested in how certain I am that I took the decision that actually reflects my preferences.",
VOT,q12a2,"When I’m asked to indicate my certainty about my decision, the people running this study are interested in how certain I am that A will win the election.",
VOT,q22,Which one of the following statements is true?,
VOT,q22a1,"The outcome of the election matters for my earnings (No taxes if A wins, taxes of $8 if B wins) regardless of whether or not I choose to submit a vote.",
VOT,q22a2,"The outcome of the election matters for my earnings (No taxes if A wins, taxes of $8 if B wins) only if I submit a vote.",
VOT,q33,Which one of the following statements is true?,
VOT,q33a1,"I pay the $1 price for voting, regardless of which option wins.",
VOT,q33a2,I pay the $1 price for voting only if A wins. ,
VOT,q33a3,I pay the $1 price for voting only if B wins.,
CHT,q12,Which one of the following statements is true?,
CHT,q12a1,"When I’m asked to indicate my certainty about my decision, the people running this study are interested in how certain I am that I gave the best possible estimate of the investment quality, given the available information.",
CHT,q12a2,"When I’m asked to indicate my certainty about my decision, the people running this study are interested in how certain I am that the other participant truthfully reported the investment quality.",
CHT,q23,Which one of the following statements is true?,
CHT,q23a1,"When I Reveal, my customer will see the actual investment quality. When I Hide, they won’t get any additional information, but they will be told that I had the chance to Reveal.",
CHT,q23a2,"When I decide to Reveal, I can report a different number than the true investment quality.",
CHT,q23a3,"When I Hide, my customer won’t know that I had the opportunity to reveal the investment quality to them.",
CHT,q33,Which one of the following statements is true?,
CHT,q33a1,"My customer knows that my earnings are determined differently from theirs. I get paid more for a higher guess, but they get paid more for a more accurate guess.",
CHT,q33a2,My customer knows that their earnings are determined in the same way as mine: we both get paid more the more accurate their guess.,
CHT,q33a3,My customer knows that their earnings are determined in the same way as mine: we both get paid more for a higher guess.,
REC,q12,Which one of the following statements is true for the first section?,
REC,q12a1,"When I'm asked to indicate my certainty about my decision, the people running this study are interested in how certain I am that my estimate of the company’s stock price is correct.",
REC,q12a2,"When I'm asked to indicate my certainty about my decision, the people running this study are interested in how certain I am that the company’s stock price is higher than 100.",
REC,q22,Which one of the following statements is true?,
REC,q22a1,I will be given 100 pieces of news about a company and my task is to estimate the current stock price based on this news.,
REC,q22a2,I will be given 100 pieces of news about a company and my task is to guess the next pieces of news about the company.,
REC,q33,Which one of the following statements is true?,
REC,q33a1,The stock price is affected by both the number of positive and negative news.,
REC,q33a2,The stock price is only affected by the number of negative news.,
REC,q33a3,The stock price is only affected by the number of positive news.,
SEA,q12,Which one of the following statements is true?,
SEA,q12a1,"When I'm asked to indicate my certainty about my decision, the people running this study are interested in how certain I am that the minimum value I chose is the one that will lead to the highest possible bonus.  ",
SEA,q12a2,"When I'm asked to indicate my certainty about my decision, the people running this study are interested in how certain I am that the computer will ever draw a number as large as the minimum value I set.",
SEA,q22,Which one of the following statements is true?,
SEA,q22a1,The computer will return the poker chip to the bag before it draws another one.,
SEA,q22a2,The computer will not return the poker chip to the bag before it draws another one.,
SEA,q33,Which one of the following statements is <b>NOT</b> true?,
SEA,q33a1,"If I set a higher minimum value, the overall cost on my score is lower, on average.",
SEA,q33a2,"If I set a higher minimum value, the number on the chip that determines my base score is higher, on average.",
SEA,q33a3,"If I set a higher minimum value, the overall cost on my score is higher, on average.",
MUL,q12,Which one of the following statements is true?,
MUL,q12a1,"When I'm asked to indicate my certainty about my decision, the people running this study are interested in how certain I am that the decision I took is actually the decision that maximizes my bonus.",
MUL,q12a2,"When I'm asked to indicate my certainty about my decision, the people running this study are interested in how certain I am that they will actually pay me my bonus.",
MUL,q23,Which one of the following statements is true?,
MUL,q23a1,Going from 80 hours of practice to 90 hours of practice with Horse A generates a smaller increase in Horse A’s prize money than going from 10 hours to 20 hours.,
MUL,q23a2,Going from 80 hours of practice to 90 hours of practice with Horse A generates the same increase in Horse A’s prize money as going from 10 hours to 20 hours.,
MUL,q23a3,Going from 80 hours of practice to 90 hours of practice with Horse A generates a larger increase in Horse A’s prize money than going from 10 hours to 20 hours.,
MUL,q32,Which one of the following statements is true?,
MUL,q32a1,"Even if I receive a larger share of Horse A's prize money than of B's, practicing with Horse B can make sense. This is because if I already practice a lot with A, additional practice only generates relatively small increases in A's prize money.",
MUL,q32a2,"If I earn a higher percentage of Horse A's prize money than of B's, practicing with Horse B doesn't make sense. This is because each additional hour of practice with a horse generates the same increase in prize money, regardless of how much I already practice with that horse.",
PRO,q12,Which one of the following statements is true?,
PRO,q12a1,"When I'm asked to indicate my certainty about my decision, the people running this study are interested in how certain I am that the decision I took is actually the decision that maximizes my bonus.",
PRO,q12a2,"When I'm asked to indicate my certainty about my decision, the people running this study are interested in how certain I am that they will actually pay me my bonus.",
PRO,q23,Which one of the following statements is true?,
PRO,q23a1,The gain in health  from consuming 10 instead of 9 gallons of the drink is smaller than the health  gain from consuming 2 instead of 1 gallon.,
PRO,q23a2,The gain in health  from consuming 10 instead of 9 gallons of the drink is larger than the health  gain from consuming 2 instead of 1 gallon.,
PRO,q23a3,The gain in health  from consuming 10 instead of 9 gallons of the drink is exactly as large as the health  gain from consuming 2 instead of 1 gallon.,
PRO,q32,Which one of the following statements is true?,
PRO,q32a1,"Consuming more of the healthy drink always means more health, but it also means higher costs.",
PRO,q32a2,Consuming more of the healthy drink can sometimes lead to lower health  if the consumer already bought a lot of the drink.,
CEE,q12,Which one of the following statements is true?,
CEE,q12a1,"When I'm asked to indicate my certainty about my decision, the people running this study are interested in how certain I am that my decisions actually reflect how much I value the lottery ticket.",
CEE,q12a2,"When I'm asked to indicate my certainty about my decision, the people running this study are interested in how certain I am that I will actually receive the lottery payment of $18.",
CEE,q23,Suppose the third row from the top gets randomly selected to determine the outcomes of this experiment. Which one of the following statements is <b>NOT</b> correct? <center> <div><img width=700px; src=https://github.com/sebre97/Attenuation/blob/main/Instructions/figures/instr_figures/CEE_compr.png?raw=true></div></center>,
CEE,q23a1,I will get $3.,
CEE,q23a2,I will get a lottery which pays $18 with 80% probability.,
CEE,q23a3,I will get a lottery which pays $0 with 20% probability.,
CEE,q33,Which one of the following statements is true?,
CEE,q33a1,I should complete the choice lists by thinking carefully about the row in which I would like to switch from preferring the lottery ticket to preferring the safe payment.,
CEE,q33a2,I should always switch in the first row of the choice list so that I get the highest possible bonus.,
CEE,q33a3,I should always switch in the last row of the choice list. This increases the chance of the lottery ticket determining my bonus and will thus maximize my bonus.,
PRE,q12,Which one of the following statements is true?,
PRE,q12a1,"When I'm asked to indicate my certainty about my decision, the people running this study are interested in how certain I am that my decisions actually reflect which winning probability I value as much as the safe payment.",
PRE,q12a2,"When I'm asked to indicate my certainty about my decision, the people running this study are interested in how certain I am that I will receive the high payment from the lottery.",
PRE,q22,Suppose the third row from the top gets randomly selected to determine the outcomes of this experiment. Which one of the following statements is <b>NOT</b> correct? <center> <div><img width=700px; src=https://github.com/sebre97/Attenuation/blob/main/Instructions/figures/instr_figures/PRE_compr.png?raw=true></div></center>,
PRE,q22a1,I will get a lottery which pays $18 with 15% probability.,
PRE,q22a2,I will get $12.,
PRE,q33,Which one of the following statements is true?,
PRE,q33a1,I should complete the choice lists by thinking carefully about the row in which I would like to switch from the safe payment to the lottery.,
PRE,q33a2,I should always switch in the last row of the choice list so that I get the highest possible bonus.,
PRE,q33a3,I should always switch in the first row of the choice list. This increases the chance of the lottery determining my bonus and will thus maximize my bonus.,
TID,q12,Which one of the following statements is true?,
TID,q12a1,"When I'm asked to indicate my certainty about my decision, the people running this study are interested in how certain I am that my decisions actually reflect how much I value the delayed payment.",
TID,q12a2,"When I'm asked to indicate my certainty about my decision, the people running this study are interested in how certain I am that I would actually receive the delayed payments. ",
TID,q23,Which one of the following statements is true?,
TID,q23a1,"In making my decisions, I am asked to assume that I will actually receive all payments as indicated, regardless of whether they take place now or in the future.",
TID,q23a2,"In making my decisions, I am asked to assume that it is less likely that I will actually receive payments that are meant to be received now.",
TID,q23a3,"In making my decisions, I am asked to assume that it is less likely that I will actually receive payments that are meant to be received in the future.",
TID,q33,Which one of the following statements is true?,
TID,q33a1,I should complete the choice lists by thinking carefully about the row in which I would like to switch from preferring the delayed payment to preferring the immediate payment.,
TID,q33a2,I should always switch in the first row of the choice list so that I get the highest possible bonus.,
TID,q33a3,I should always switch in the last row of the choice list so that I get the highest possible bonus.,
SIA,q12,Which one of the following statements is true?,
SIA,q12a1,"When I'm asked to indicate my certainty about my decision, the people running this study are interested in how certain I am that my estimate of the weight of the bucket is correct. ",
SIA,q12a2,"When I'm asked to indicate my certainty about my decision, the people running this study are interested in how certain I am that Ann and Bob’s estimates of the weight of the bucket are correct.",
SIA,q22,Which one of the following statements is true?,
SIA,q22a1,"Some estimators report their estimates to Ann, and the others report to Bob. No estimator reports to both Ann and Bob.  ",
SIA,q22a2,Some estimators report their estimates to both Ann and Bob. ,
SIA,q32,Which one of the following statements is true?,
SIA,q32a1,Ann and Bob report to you the average of the estimates they receive from the estimators. ,
SIA,q32a2,Ann and Bob report to you their own estimates of the weight of the bucket. ,
NEW,q12,Which one of the following statements is true?,
NEW,q12a1,"When I'm asked to indicate my certainty about my decision, the people running this study are interested in how certain I am that the decision I made is actually my best decision, given my personal preferences and the available information.",
NEW,q12a2,"When I'm asked to indicate my certainty about my decision, the people running this study are interested in how certain I am what the demand quantity will be.",
NEW,q23,Suppose you produce 40 gallons and demand is 30 gallons. Which one of the following statements is true?,
NEW,q23a1,"I can only sell 30 gallons at a sales price of $12, and need to pay the production costs for 40 gallons. The remaining gallons go to waste.",
NEW,q23a2,"I can sell 40 gallons at a sales price of $12, and need to pay the production costs for 40 gallons.",
NEW,q23a3,"Because demand is lower than the number of gallons I produced, I only need to pay the production costs for 30 gallons.",
NEW,q33,Suppose you produce 40 gallons and demand is 50 gallons. Which one of the following statements is true?,
NEW,q33a1,"I can sell 40 gallons at a sales price of $12, and need to pay the production costs only for these 40 gallons.",
NEW,q33a2,"I can sell 40 gallons at a sales price of $12, and need to pay the production costs for 50 gallons.",
NEW,q33a3,"Because demand is higher than the number of gallons I produced, I can quickly produce additional 10 gallons and sell them.",
EGB,q12,Which one of the following statements is true?,
EGB,q12a1,"When I'm asked to indicate my certainty about my decision, the people running this study are interested in how certain I am my estimate is correct.",
EGB,q12a2,"When I'm asked to indicate my certainty about my decision, the people running this study are interested in how certain I am that they will actually pay me my bonus.",
EGB,q22,Which one of the following statements is true?,
EGB,q22a1,The monetary amount in the savings account increases each day.,
EGB,q22a2,"The monetary amount in the savings account only increases on a year-to-year basis, effective January 1.",
EGB,q32,Which one of the following statements is true?,
EGB,q32a1,My bonus is higher the closer my answer is to the correct answer.,
EGB,q32a2,My bonus is higher the higher the answer that I give.,
DIL,q12,Which one of the following statements is true?,
DIL,q12a1,"When I'm asked to indicate my certainty about my decision, the people running this study are interested in how certain I am that the decision I made is actually my best decision, given my personal preferences and the available information.",
DIL,q12a2,"When I'm asked to indicate my certainty about my decision, the people running this study are interested in how certain I am that Stock A will deliver a profit.",
DIL,q23,Which one of the following statements is true?,
DIL,q23a1,99% of the amount I invest in the investment fund gets allocated to Stock A and 1% to Stock B.,
DIL,q23a2,Whatever amount I invest into the investment fund gets allocated to Stock B.,
DIL,q23a3,Whatever amount I invest into the investment fund gets split equally between Stocks A and B.,
DIL,q33,Which one of the following statements is true?,
DIL,q33a1," Stock A always has a 80% chance of doubling the investment, but for Stock B this probability varies across rounds.",
DIL,q33a2, Stock A and Stock B both always have a 80% chance of doubling the investment.,
DIL,q33a3," Stock B always has a 10% chance of doubling the investment, but for Stock A this probability varies across rounds.",
EGI,q12,Which one of the following statements is true?,
EGI,q12a1,"When I'm asked to indicate my certainty about my decision, the people running this study are interested in how certain I am that the decision I made is actually my best decision, given my personal preferences.",
EGI,q12a2,"When I'm asked to indicate my certainty about my decision, the people running this study are interested in how certain I am that I chose the option that actually maximizes my own payoff.",
EGI,q22,Which one of the following statements is true?,
EGI,q22a1,"If I decide to donate to the charity, the experimenters really will donate the specified amount to the charity.",
EGI,q22a2,"If I decide to donate to the charity, the experimenters will not actually donate the specified amount to the charity.",
EGI,q32,Which one of the following statements is true?,
EGI,q32a1,"If I decide to donate to the charity, I will pay nothing (the experimenters will pay the specified amount), but I will forego a bonus of $1.",
EGI,q32a2,"If I decide to donate to the charity, I will have to pay that amount to the charity myself.",
DIS,q12,Which one of the following statements is true?,
DIS,q12a1,"When I'm asked to indicate my certainty about my decision, the people running this study are interested in how certain I am that the decision I made is actually my best decision, given my personal preferences and the available information.",
DIS,q12a2,"When I'm asked to indicate my certainty about my decision, the people running this study are interested in how certain I am that I made the decision that actually maximizes my own payoff.",
DIS,q23,Suppose there are 10 Payers. Remember each Payer starts out with 40 points. Which of the following statements is true?,
DIS,q23a1,"If I award 10 points to myself, then each Payer ends up with 36 points because for each point I transfer 0.4 points get deducted from each Payer.",
DIS,q23a2,"If I award 10 points to myself, then each Payer ends up with 40 points.",
DIS,q23a3,"If I award 10 points to myself, then each Payer ends up with 39.6 points because they share the cost.",
DIS,q33,Which one of the following statements is true?,
DIS,q33a1,"For every point I award to myself, 0.4 points will be subtracted from the points of each of the Payers but not from my points.",
DIS,q33a2,"For every point I award to myself, 0.4 points will be subtracted from my points, but not from the points of the Payers.",
DIS,q33a3,"For every point I award to myself, 0.4 points will be subtracted from my points and from the points of each of the Payers.",
STO,q12,Which one of the following statements is true?,
STO,q12a1,"When I’m asked to indicate my certainty about my decision, the people running this study are interested in how certain I am that mine is the best possible forecast, given the information I have.",
STO,q12a2,"When I’m asked to indicate my certainty about my decision, the people running this study are interested in how certain I am that I have as much information about the asset as a financial market analyst.",
STO,q22,Which one of the following statements is <b>NOT</b> true?,
STO,q22a1,I will be asked to forecast inflation.,
STO,q22a2,I will be asked to forecast the value of a $100 investment into different  financial assets. ,
STO,q32,Suppose the time horizon is 9 months and the asset is a fund replicating the S&P500. Which one of the following statements is true?,
STO,q32a1,I will be asked to forecast the value of a $100 investment into the fund replicating the  S&P500 over the next nine months.,
STO,q32a2,I will be asked to forecast the value of a $100 investment into the fund replicating the  S&P500 over the next nine months and then annualize this number.,
FAP,q12,Which one of the following statements is true?,
FAP,q12a1,To maximize my bonus I have to translate as many three digit codes as possible.,
FAP,q12a2,"If my decision is selected for the bonus payment, I win if I have translated more three digit codes than the other participant with which I am paired with.",
FAP,q12a2,"If my decision is selected for the bonus payment, it is completely random whether I win the bonus. ",
TAX,q12,Which one of the following statements is true?,
TAX,q12a1,"When I’m asked to indicate my certainty about my decision, the people running this study are interested in how certain I am that my estimate of the amount of taxes Fred would have to pay is correct.",
TAX,q12a2,"When I’m asked to indicate my certainty about my decision, the people running this study are interested in how certain I am that my estimate of Fred’s after-tax salary is correct. ",
TAX,q22,Which one of the following statements is true?,
TAX,q22a1,"When Fred’s income jumps to a higher tax bracket, he pays the higher rate only on the portion of his income in that tax bracket. ",
TAX,q22a2,"When Fred’s income jumps to a higher tax bracket, he pays the higher rate on his entire income. ",
TAX,q33,"<style>table{border-collapse:collapse;margin:10px;}tr{border-collapse:collapse;}td{border-collapse:collapse;padding:5px 10px 5px 10px;border:1px solid black;}th{border-collapse:collapse;text-align: center;padding:5px 10px 5px 10px;border:1px solid black;}</style>Below is the federal income tax schedule. Which one of the following statements is true about the federal income tax Fred would owe if his income is $60,000?<br><center><table><tr><th>Federal Tax Rate</td><th>Income Bracket</td></tr><tr><td>12%</td><td>$0 to $20,000</td></tr><tr><td>18%</td><td>$20,000 to $50,000</td></tr><tr><td>26%</td><td>$50,000 to $80,000</td></tr><tr><td>32%</td><td>$80,000 to $120,000</td></tr><tr><td>42%</td><td>$120,000 and above</td></tr></table></center>",
TAX,q33a1,"Fred would pay 12% on the $20,000 portion of his income in the first bracket, 18% on the $30,000 portion of his income in the second bracket, and 26% on the $10,000 portion of his income in the third bracket in federal taxes. ",
TAX,q33a2,"Fred would pay 18% on his income of $60,000 in federal taxes. ",
TAX,q33a3,"Fred would pay 26% on his income of $60,000 in federal taxes. ",
POL,q12,Which one of the following statements is true?,
POL,q12a1,"When I’m asked to indicate my certainty about my decision, the people running this study are interested in how certain I am that I took my best decision, given my personal preferences and the available information.",
POL,q12a2,"When I’m asked to indicate my certainty about my decision, the people running this study are interested in how certain I am that there won’t be inflation next year.",
POL,q22,Which one of the following statements is true?,
POL,q22a1,"If the proposed bill passes, all prices will increase next year.",
POL,q22a2,"If the proposed bill passes, prices will not increase next year.",
POL,q33,Which one of the following statements is true?,
POL,q33a1,"Politicians estimate that the proposed bill is very effective at making Americans richer. However, the bill also produces inflation.",
POL,q33a2,"Politicians estimate that the proposed bill is very effective at making Americans richer. Moreover, the bill also produces lower prices for consumers.",
POL,q33a3,Politicians estimate that the proposed bill does not make Americans richer. ,
GPT,q12,Which one of the following statements is true?,
GPT,q12a1,"When I'm asked to indicate my certainty about my decision, the people running this study are interested in how certain I am that the decision I made is actually my best decision, given my personal preferences.",
GPT,q12a2,"When I'm asked to indicate my certainty about my decision, the people running this study are interested in how certain I am what the true price of the product is.",
GPT,q23,Which one of the following statements is true?,
GPT,q23a1,In this study I will be asked how much I would at most be willing to pay for different quantities of different products.,
GPT,q23a2,In this study I will be asked how much I would at most be willing to pay for 3 packs of different products.,
GPT,q23a3,"In this study I will be asked how much I would at most be willing to pay for different quantities of the same product, pasta.",
GPT,q33,Which one of the following statements is true?,
GPT,q33a1,"I should carefully think about how much of my budget of $30 I would be willing to spend on the indicated number of items of the products, imagining I would actually get any money left over and receive the products I purchase.",
GPT,q33a2,"I should always indicate that I am willing to pay $0, because this is a hypothetical study.",
GPT,q33a3,"I should always indicate that I am willing to pay $30, because it is not my own money.",
HEA,q12,Which one of the following statements is true?,
HEA,q12a1,"When I'm asked to indicate my certainty about my decision, the people running this study are interested in how certain I am that the decision I made is actually my best decision, given my personal preferences and the available information.",
HEA,q12a2,"When I'm asked to indicate my certainty about my decision, the people running this study are interested in how certain I am that people will really get sick due to the disease.",
HEA,q22,Suppose there are 10 people expected to get sick. Which of the following statements is true?,
HEA,q22a1,"If I decide the government should spend $100,000, this is the amount the government will spend overall, meaning the government will spend $100,000 in total.",
HEA,q22a2,"If I decide the government should spend $100,000, this is the amount the government will spend for each of the 10 people, meaning the government will spend $1,000,000 in total.",
HEA,q33,Which one of the following statements is true?,
HEA,q33a1,People who get the disease will be sick for 1 month.,
HEA,q33a2,People who get the disease will die.,
HEA,q33a3,People who get the disease will be sick for 1 year.,
PER,q12,Which one of the following statements is true?,
PER,q12a1,"When I'm asked to indicate my certainty about my decision, the people running this study are interested in how certain I am that my estimate is actually correct.",
PER,q12a2,"When I'm asked to indicate my certainty about my decision, the people running this study are interested in how certain I am that they will actually pay me my bonus.",
PER,q22,Which one of the following statements is true?,
PER,q22a1,I need to estimate the number of dots on a single screen.,
PER,q22a2,I need to add up the number of dots across all screens I encounter in this study.,
PER,q32,Which one of the following statements is true?,
PER,q32a1,I have 10 seconds to type in my estimate.,
PER,q32a2,I can take as long as I want.,
GUE,q12,Which one of the following statements is true?,
GUE,q12a1,"When I’m asked to indicate my certainty about my decision, the people running this study are interested in how certain I am that my guess is the best possible guess given the information I have.",
GUE,q12a2,"When I’m asked to indicate my certainty about my decision, the people running this study are interested in how certain I am that they will actually pay me my bonus.",
GUE,q23,Which one of the following statements is true?,
GUE,q23a1,"If my MULTIPLIER is equal to 2 and the other participant guesses 60, then I maximize my bonus by guessing 100.",
GUE,q23a2,"If my MULTIPLIER is equal to 2 and the other participant guesses 60, then I maximize my bonus by guessing 60.",
GUE,q23a3,"If my MULTIPLIER is equal to 2 and the other participant guesses 60, then I maximize my bonus by guessing 30. ",
GUE,q33,Which one of the following statements is true?,
GUE,q33a1,"If my MULTIPLIER is equal to 0.5 and the other participant guesses 40, then I maximize my bonus by guessing 20.",
GUE,q33a2,"If my MULTIPLIER is equal to 0.5 and the other participant guesses 40, then I maximize my bonus by guessing 40.",
GUE,q33a3,"If my MULTIPLIER is equal to 0.5 and the other participant guesses 40, then I maximize my bonus by guessing 80.",